Cidade,Site (Domínio Oficial),E-mail da Secretaria de Turismo
Águas de Lindoia,aguasdelindoia.sp.gov.br,turismo@aguasdelindoia.sp.gov.br
Águas de Prata,aguasdeprata.sp.gov.br,turismo@aguasdeprata.sp.gov.br
Águas de Santa Bárbara,aguasdesantabarbara.sp.gov.br,turismo@aguasdesantabarbara.sp.gov.br
Águas de São Pedro,aguasdesaopedro.sp.gov.br,turismo@aguasdesaopedro.sp.gov.br
Agudos,agudos.sp.gov.br,turismo@agudos.sp.gov.br
Amparo,amparo.sp.gov.br,turismo@amparo.sp.gov.br
Analândia,analandia.sp.gov.br,turismo@analandia.sp.gov.br
Angatuba,angatuba.sp.gov.br,turismo@angatuba.sp.gov.br
Aparecida,aparecida.sp.gov.br,turismo@aparecida.sp.gov.br
Apiaí,apiai.sp.gov.br,turismo@apiai.sp.gov.br
Araraquara,araraquara.sp.gov.br,turismo@araraquara.sp.gov.br
Areias,areias.sp.gov.br,turismo@areias.sp.gov.br
Ariranha,ariranha.sp.gov.br,turismo@ariranha.sp.gov.br
Artur Nogueira,arturnogueira.sp.gov.br,turismo@arturnogueira.sp.gov.br
Arujá,aruja.sp.gov.br,turismo@aruja.sp.gov.br
Atibaia,atibaia.sp.gov.br,turismo@atibaia.sp.gov.br
Avaré,avare.sp.gov.br,turismo@avare.sp.gov.br
Bananal,bananal.sp.gov.br,turismo@bananal.sp.gov.br
Barra Bonita,barrabonita.sp.gov.br,turismo@barrabonita.sp.gov.br
Barretos,barretos.sp.gov.br,turismo@barretos.sp.gov.br
Bertioga,bertioga.sp.gov.br,turismo@bertioga.sp.gov.br
Bragança Paulista,bragancapaulista.sp.gov.br,turismo@bragancapaulista.sp.gov.br
Broadowski,brodowski.sp.gov.br,turismo@brodowski.sp.gov.br
Buritama,buritama.sp.gov.br,turismo@buritama.sp.gov.br
Cabreúva,cabreuva.sp.gov.br,turismo@cabreuva.sp.gov.br
Caçapava,cacapava.sp.gov.br,turismo@cacapava.sp.gov.br
Cachoeira Paulista,cachoeirapaulista.sp.gov.br,turismo@cachoeirapaulista.sp.gov.br
Caconde,caconde.sp.gov.br,turismo@caconde.sp.gov.br
Cafelândia,cafelandia.sp.gov.br,turismo@cafelandia.sp.gov.br
Caiuá,caiua.sp.gov.br ,turismo@caiua.sp.gov.br
Cajamar,cajamar.sp.gov.br,turismo@cajamar.sp.gov.br
Cajuru,cajuru.sp.gov.br,turismo@cajuru.sp.gov.br
Campina do Monte Alegre,campinadomontealegre.sp.gov.br,turismo@campinadomontealegre.sp.gov.br
Campos do Jordão,camposdojordao.sp.gov.br,turismo@camposdojordao.sp.gov.br
Cananéia,cananeia.sp.gov.br,turismo@cananeia.sp.gov.br
Cândido Mota,candidomota.sp.gov.br,turismo@candidomota.sp.gov.br
Cândido Rodrigues,candidorodrigues.sp.gov.br,turismo@candidorodrigues.sp.gov.br
Canitar,canitar.sp.gov.br,turismo@canitar.sp.gov.br
Capão Bonito,capaobonito.sp.gov.br,turismo@capaobonito.sp.gov.br
Capela do Alto,capeladoalto.sp.gov.br,turismo@capeladoalto.sp.gov.br
Caraguatatuba,caraguatatuba.sp.gov.br,turismo@caraguatatuba.sp.gov.br
Carapicuíba,carapicuiba.sp.gov.br,turismo@carapicuiba.sp.gov.br
Cardoso,cardoso.sp.gov.br,turismo@cardoso.sp.gov.br
Casa Branca,casabranca.sp.gov.br,turismo@casabranca.sp.gov.br
Cássia dos Coqueiros,cassiadoscoqueiros.sp.gov.br,turismo@cassiadoscoqueiros.sp.gov.br
Castilho,castilho.sp.gov.br,turismo@castilho.sp.gov.br
Catanduva,catanduva.sp.gov.br,turismo@catanduva.sp.gov.br
Catiguá,catigua.sp.gov.br,turismo@catigua.sp.gov.br
Cedral,cedral.sp.gov.br,turismo@cedral.sp.gov.br
Cerqueira César,cerqueiracesar.sp.gov.br,turismo@cerqueiracesar.sp.gov.br
Cerquilho,cerquilho.sp.gov.br,turismo@cerquilho.sp.gov.br
Cesário Lange,cesariolange.sp.gov.br,turismo@cesariolange.sp.gov.br
Charqueada,charqueada.sp.gov.br,turismo@charqueada.sp.gov.br
Chavantes,chavantes.sp.gov.br,turismo@chavantes.sp.gov.br
Clementina,clementina.sp.gov.br,turismo@clementina.sp.gov.br
Colina,colina.sp.gov.br,turismo@colina.sp.gov.br
Colômbia,colombia.sp.gov.br,turismo@colombia.sp.gov.br
Conchal,conchal.sp.gov.br,turismo@conchal.sp.gov.br
Conchas,conchas.sp.gov.br,turismo@conchas.sp.gov.br
Cordeirópolis,cordeiropolis.sp.gov.br,turismo@cordeiropolis.sp.gov.br
Coroados,coroados.sp.gov.br,turismo@coroados.sp.gov.br
Coronel Macedo,coronelmacedo.sp.gov.br,turismo@coronelmacedo.sp.gov.br
Corumbataí,corumbatai.sp.gov.br,turismo@corumbatai.sp.gov.br
Cosmópolis,cosmopolis.sp.gov.br,turismo@cosmopolis.sp.gov.br
Cosmorama,cosmorama.sp.gov.br,turismo@cosmorama.sp.gov.br
Cotia,cotia.sp.gov.br,turismo@cotia.sp.gov.br
Cravinhos,cravinhos.sp.gov.br,turismo@cravinhos.sp.gov.br
Cristais Paulista,cristaispaulista.sp.gov.br,turismo@cristaispaulista.sp.gov.br
Cruzália,cruzalia.sp.gov.br,turismo@cruzalia.sp.gov.br
Cruzeiro,cruzeiro.sp.gov.br,turismo@cruzeiro.sp.gov.br
Adolfo,adolfo.sp.gov.br,turismo@adolfo.sp.gov.br
Agudos,agudos.sp.gov.br,turismo@agudos.sp.gov.br
Anhembi,anhembi.sp.gov.br,turismo@anhembi.sp.gov.br
Apiaí,apiai.sp.gov.br,turismo@apiai.sp.gov.br
Araçatuba,aracatuba.sp.gov.br,turismo@aracatuba.sp.gov.br
Araraquara,araraquara.sp.gov.br,turismo@araraquara.sp.gov.br
Arealva,arealva.sp.gov.br,turismo@arealva.sp.gov.br
Areias,areias.sp.gov.br,turismo@areias.sp.gov.br
Arujá,aruja.sp.gov.br,turismo@aruja.sp.gov.br
Barbosa,barbosa.sp.gov.br,turismo@barbosa.sp.gov.br
Barra do Turvo,barradoturvo.sp.gov.br,turismo@barradoturvo.sp.gov.br
Bastos,bastos.sp.gov.br,turismo@bastos.sp.gov.br
Bebedouro,bebedouro.sp.gov.br,turismo@bebedouro.sp.gov.br
Bocaina,bocaina.sp.gov.br,turismo@bocaina.sp.gov.br
Bofete,bofete.sp.gov.br,turismo@bofete.sp.gov.br
Boituva,boituva.sp.gov.br,turismo@boituva.sp.gov.br
Bom Jesus dos Perdões,bomjesudosperdoes.sp.gov.br,turismo@bomjesudosperdoes.sp.gov.br
Borborema,borborema.sp.gov.br,turismo@borborema.sp.gov.br
Botucatu,botucatu.sp.gov.br,turismo@botucatu.sp.gov.br
Brodowski,brodowski.sp.gov.br,turismo@brodowski.sp.gov.br
Buritama,buritama.sp.gov.br,turismo@buritama.sp.gov.br
Caçapava,cacapava.sp.gov.br,turismo@cacapava.sp.gov.br
Cachoeira Paulista,cachoeirapaulista.sp.gov.br,turismo@cachoeirapaulista.sp.gov.br
Campina do Monte Alegre,campinadomontealegre.sp.gov.br,turismo@campinadomontealegre.sp.gov.br
Cardoso,cardoso.sp.gov.br,turismo@cardoso.sp.gov.br
Casa Branca,casabranca.sp.gov.br,turismo@casabranca.sp.gov.br
Cássia dos Coqueiros,cassiadoscoqueiros.sp.gov.br,turismo@cassiadoscoqueiros.sp.gov.br
Castilho,castilho.sp.gov.br,turismo@castilho.sp.gov.br
Cerqueira César,cerqueiracesar.sp.gov.br,turismo@cerqueiracesar.sp.gov.br
Cerquilho,cerquilho.sp.gov.br,turismo@cerquilho.sp.gov.br
Cesário Lange,cesariolange.sp.gov.br,turismo@cesariolange.sp.gov.br
Charqueada,charqueada.sp.gov.br,turismo@charqueada.sp.gov.br
Chavantes,chavantes.sp.gov.br,turismo@chavantes.sp.gov.br
Colina,colina.sp.gov.br,turismo@colina.sp.gov.br
Conchal,conchal.sp.gov.br,turismo@conchal.sp.gov.br
Corumbataí,corumbatai.sp.gov.br,turismo@corumbatai.sp.gov.br
Cosmópolis,cosmopolis.sp.gov.br,turismo@cosmopolis.sp.gov.br
Cravinhos,cravinhos.sp.gov.br,turismo@cravinhos.sp.gov.br
Cruzeiro,cruzeiro.sp.gov.br,turismo@cruzeiro.sp.gov.br
Cubatão,cubatao.sp.gov.br,turismo@cubatao.sp.gov.br
Cunha,cunha.sp.gov.br,turismo@cunha.sp.gov.br
Divinolândia,divinolandia.sp.gov.br,turismo@divinolandia.sp.gov.br
Dois Córregos,doiscorregos.sp.gov.br,turismo@doiscorregos.sp.gov.br
Dracena,dracena.sp.gov.br,turismo@dracena.sp.gov.br
Dumont,dumont.sp.gov.br,turismo@dumont.sp.gov.br
Espírito Santo do Pinhal,espiritosantodopinhal.sp.gov.br,turismo@espiritosantodopinhal.sp.gov.br
Estiva Gerbi,estivagerbi.sp.gov.br,turismo@estivagerbi.sp.gov.br
Fernandópolis,fernandopolis.sp.gov.br,turismo@fernandopolis.sp.gov.br
Garça,garca.sp.gov.br,turismo@garca.sp.gov.br
Guararema,guararema.sp.gov.br,turismo@guararema.sp.gov.br
Itatiba,itatiba.sp.gov.br,turismo@itatiba.sp.gov.br
Jaguariúna,jaguariuna.sp.gov.br,turismo@jaguariuna.sp.gov.br
Jarinu,jarinu.sp.gov.br,turismo@jarinu.sp.gov.br
Jundiaí,jundiai.sp.gov.br,turismo@jundiai.sp.gov.br
Louveira,louveira.sp.gov.br,turismo@louveira.sp.gov.br
Piedade,piedade.sp.gov.br,turismo@piedade.sp.gov.br
Valinhos,valinhos.sp.gov.br,turismo@valinhos.sp.gov.br